INSERT INTO item_categories VALUES(1,'appetizers',NULL);
INSERT INTO item_categories VALUES(2,'main courses',NULL);
INSERT INTO item_categories VALUES(3,'desserts',NULL);
INSERT INTO item_categories VALUES(4,'beverages',NULL);
INSERT INTO menu_items VALUES(1,'Chicken Nuggets','Bite size portions of lightly breaded ground chicken, seasoned and fried to golden perfection.',5.9900000000000002131,'https://img.freepik.com/free-photo/two-chicken-nuggets-isolated-white-background_839833-29679.jpg?semt=ais_hybrid&w=740&q=80',1,NULL);
INSERT INTO menu_items VALUES(2,'Chicken Wings','Chicken wings that are fried or baked to fall-off-the-bone tenderness and tossed in your sauce of choice.',10.989999999999999857,'https://www.shutterstock.com/image-photo/single-saucy-chicken-wing-isolated-600nw-2556509549.jpg',1,NULL);
INSERT INTO menu_items VALUES(3,'Chicken Meals Combo','Your combo choice of different cuts of chicken, cooked and seasoned to your liking.',23.990000000000000213,'https://img.freepik.com/premium-photo/fried-chicken-with-french-fries-nuggets-meal-junk-food-unhealthy-food_1339-20695.jpg?semt=ais_hybrid&w=740&q=80',2,NULL);
INSERT INTO menu_items VALUES(4,'Club Sandwich','A three-layer sandwich of toasted bread with a filling of turkey, bacon, lettuce, tomato, and mayonnaise.',8.9900000000000002131,'https://storage.googleapis.com/gen-atmedia/3/2018/05/5ccfc009f24fdaa8bc2cf64305d4e1c5b1c79b38.jpeg',2,NULL);
INSERT INTO menu_items VALUES(5,'Chicken Wrap','Sliced grilled chicken breast, fresh green leaf lettuce, diced tomatoes, shredded cheddar cheese, and a creamy ranch dressing, all wrapped in a soft flour tortilla.',6.9900000000000002131,'https://www.shutterstock.com/image-photo/chicken-avocado-wrap-on-white-600nw-2502632265.jpg',2,NULL);
INSERT INTO menu_items VALUES(6,'Pepperoni Pizza (Small)','A personal sized pepperoni pizza.',12.989999999999999324,'https://media.istockphoto.com/id/1475561128/photo/pepperoni-pizza-cheese-wood-cutting-board-isolated-white-background.jpg?s=612x612&w=0&k=20&c=qD3OZLURt-xjr5Ol-rkO9uoLMoDWQoEsuigHSsyjnmw=',2,NULL);
INSERT INTO menu_items VALUES(7,'Hawaiian Pizza','A medium-sized pizza with ham and pineapple toppings.',24.98999999999999666,'https://t3.ftcdn.net/jpg/15/60/21/42/360_F_1560214236_0VLZUpAk3fKLpBTPCWUcoFNlSTVWMSBI.jpg',2,NULL);
INSERT INTO menu_items VALUES(8,'Pepperoni Pizza (Large)','A large-sized pepperoni pizza meant to feed 3-4 people.',17.989999999999999324,'https://media.istockphoto.com/id/1042948900/photo/pizza-pepperoni-isolated-on-white-background.jpg?s=612x612&w=0&k=20&c=2WZk35fHKdCCh1FU-fOX6hrixIWB3IlMl0FspKaOraA=',2,NULL);
INSERT INTO menu_items VALUES(9,'Supreme Pizza','A pizza with a mix of meats like pepperoni and sausage, along with vegetables such as green peppers, onions, and black olives, and is often topped with mushrooms as well.',21.989999999999998436,'https://t4.ftcdn.net/jpg/11/20/79/89/360_F_1120798909_Rmth1QO2eade612YlKPibr7RRegRIQro.jpg',2,NULL);
INSERT INTO menu_items VALUES(10,'Your 3 Topping Pizza','A customizable pizza that comes with up to three toppings.',15.990000000000000213,'https://www.shutterstock.com/image-photo/three-different-gourmet-pizzas-various-600nw-2660242367.jpg',2,NULL);
INSERT INTO menu_items VALUES(11,'Butter Burger','A burger that is cooked in butter or is cooked and then finished with butter. (Your Preference)',9.9900000000000002131,'https://www.certifiedangusbeef.com/_next/image?url=https%3A%2F%2Fappetizing-cactus-7139e93734.media.strapiapp.com%2FButter_Burger_a8c0d88729.jpeg&w=1920&q=75',2,NULL);
INSERT INTO menu_items VALUES(12,'Cheese Burger','A hamburger that includes a slice of cheese of your choice on top of the beef patty.',5.9900000000000002131,'https://media.istockphoto.com/id/520410807/photo/cheeseburger.jpg?s=612x612&w=0&k=20&c=fG_OrCzR5HkJGI8RXBk76NwxxTasMb1qpTVlEM0oyg4=',2,NULL);
INSERT INTO menu_items VALUES(13,'Hamburger','A burger that comes with lettuce, onion, tomatoes, pickles, ketchup, and mustard toppings.',4.9900000000000002131,'https://plus.unsplash.com/premium_photo-1683619761468-b06992704398?fm=jpg&q=60&w=3000&ixlib=rb-4.1.0&ixid=M3wxMjA3fDB8MHxzZWFyY2h8MXx8YnVyZ2VyfGVufDB8fDB8fHww',2,NULL);
INSERT INTO menu_items VALUES(14,'BBSpecial Burger','A customizable burger that comes with special toppings of your choice.',12.989999999999999324,'https://www.tillamook.com/_next/image?url=https%3A%2F%2Fimages.ctfassets.net%2Fj8tkpy1gjhi5%2F7spL2AK0zUMWy4R0tX60ND%2F580c3c15c9825d7f89b83aac71110b64%2FDigital_S223_Slice_Farm_Swiss_CubanoBurger_V2__1_.jpg&w=3840&q=75',2,NULL);
INSERT INTO menu_items VALUES(15,'BBDouble Burger','A customizable burger of your choice that comes with two beef patties.',11.990000000000000568,'https://www.shutterstock.com/image-photo/juicy-double-cheeseburger-studio-shot-600nw-2572134091.jpg',2,NULL);
INSERT INTO employees VALUES('admin','Admin','','admin',1,NULL,NULL);
INSERT INTO employees VALUES('richard01','Amanda','Richard','staff',1,NULL,NULL);
INSERT INTO employees VALUES('cox02','Arthur','Cox','staff',1,NULL,NULL);
INSERT INTO employees VALUES('deckon03','Charles','Deckon','staff',1,NULL,NULL);
INSERT INTO employees VALUES('cox04','Francis','Cox','staff',1,NULL,NULL);
INSERT INTO employees VALUES('mullard05','Sarah','Mullard','staff',1,NULL,NULL);
INSERT INTO employees VALUES('cox05','Arthur','Cox','staff',1,1765177200000,1765235921248);
INSERT INTO login_credentials VALUES('admin','O2Esdae1BIpDX7bsgeUv+S1teVqLWpwXBw9qY8l6U7I=','admin');
INSERT INTO login_credentials VALUES('richard01','MVmIPZ6SvSWJKWwhCsLG7fEN9UGT0IyoqG+HDrpqoLs=','staff');
INSERT INTO login_credentials VALUES('cox02','Cox123','staff');
INSERT INTO login_credentials VALUES('deckon03','Deckon123','staff');
INSERT INTO login_credentials VALUES('cox04','Cox1234','staff');
INSERT INTO login_credentials VALUES('mullard05','Mullard123','staff');
INSERT INTO login_credentials VALUES('cox05','/Z/3JM0EkK2pX1jW36KgFDEIZmU+NM//4OOW6dozGMM=','staff');
INSERT INTO drivers VALUES(1,'Shawn Murray',0,NULL,NULL,NULL);
INSERT INTO drivers VALUES(2,'Alex Shopper',0,NULL,NULL,NULL);
INSERT INTO drivers VALUES(3,'Lisa Graham',1,NULL,NULL,NULL);
INSERT INTO drivers VALUES(4,'Marcus Shane',0,NULL,NULL,NULL);
INSERT INTO drivers VALUES(5,'Ryan Graham',0,NULL,NULL,NULL);
INSERT INTO drivers VALUES(6,'Vicky Kissinger',0,NULL,NULL,NULL);
INSERT INTO drivers VALUES(7,'Lucy Gordon',1,NULL,NULL,NULL);
INSERT INTO drivers VALUES(13,'Meera Shane',0,NULL,NULL,NULL);
INSERT INTO delivery_address VALUES(1,77,'Langley Road',NULL,'Brighton','MA','02239');
INSERT INTO delivery_address VALUES(2,361,'Stuart Road',NULL,'College Town','MA','02129');
INSERT INTO delivery_address VALUES(3,45,'Everett Street',NULL,'Chestnut Hill','MA','02129');
INSERT INTO delivery_address VALUES(4,82564,'Breck Avenue',NULL,'Brighton','MA','02239');
INSERT INTO delivery_address VALUES(5,75,'Blake Street',NULL,'Edmonds Park','MA','02134');
INSERT INTO delivery_address VALUES(6,89,'Langley Road',NULL,'Brighton','MA','02239');
INSERT INTO delivery_address VALUES(7,387,'University Avenue',NULL,'Corey Hill','MA','02491');
INSERT INTO delivery_address VALUES(8,433,'Queensberry Street',NULL,'West Fens','MA','02201');
INSERT INTO delivery_address VALUES(9,4,'Commonwealth Avenue',NULL,'Griggs Park','MA','02330');
INSERT INTO delivery_address VALUES(10,345,'Rocket Hall',NULL,'Boston','MA','02007');
INSERT INTO delivery_address VALUES(11,75,'Chatham Street',NULL,'Longwood','MA','02196');
INSERT INTO delivery_address VALUES(12,2323,'Brock Street',NULL,'Central Village','MA','02342');
INSERT INTO delivery_address VALUES(13,563,'Davis Avenue',NULL,'Brookline','MA','02342');
INSERT INTO delivery_address VALUES(14,6256,'Kent Street',NULL,'Central Village','MA','02342');
INSERT INTO delivery_address VALUES(15,17286,'York Terrace',NULL,'Corey Hill','MA','02491');
INSERT INTO delivery_address VALUES(17,425,'W 5th S','Apt 40','Rexburg','ID','83440');
INSERT INTO orders VALUES('FD6956','Dimitri Lavin','7044411704',NULL,17,39.950000000000001065,0.99000000000000003552,40.939999999999994173,'pending',1764806600400,1764808700400,NULL,1765059984969,NULL);
INSERT INTO orders VALUES('FD0001','Martha Washington','6174785869',1,1,26.970000000000000639,3.0,29.969999999999998863,'delivered',1764549120000,1764551220000,1764551400000,1765061854264,NULL);
INSERT INTO orders VALUES('FD0002','Raven Clinch','6177074682',2,2,59.900000000000002131,5.0,64.900000000000002131,'delivered',1764562860000,1764565560000,1764567120000,1765062189664,NULL);
INSERT INTO orders VALUES('FD0003','Brian Anderson','3396880896',1,3,28.959999999999999076,3.1400000000000001243,32.099999999999999644,'delivered',1764531660000,1764532380000,1764532260000,1765062449713,NULL);
INSERT INTO orders VALUES('FD0004','Elaine Mikowsky','8574780267',3,4,399.69999999999998863,64.900000000000002131,464.59999999999999076,'delivered',1764619380000,1764626580000,1764626460000,1765062901559,NULL);
INSERT INTO orders VALUES('FD0005','Raj Sinha','6179361143',2,5,50.939999999999994173,5.0,55.939999999999994173,'delivered',1764560700000,1764561600000,1764561780000,1765063405845,NULL);
INSERT INTO orders VALUES('FD0101','Aram Shankar','8572892774',1,6,43.979999999999996873,4.7599999999999997868,48.740000000000005542,'delivered',1764636000000,1764637800000,1764637980000,1765064160509,NULL);
INSERT INTO orders VALUES('FD0102','Aram Shankar','8572892774',2,6,35.979999999999998649,3.9,39.880000000000004334,'delivered',1764714600000,1764716400000,1764716280000,1765064742676,NULL);
INSERT INTO orders VALUES('FD0103','Ramon Swagger','7816782552',2,7,87.959999999999993747,14.27999999999999936,102.23999999999999754,'delivered',1764709200000,1764711000000,1764710520000,1765065001766,NULL);
INSERT INTO orders VALUES('FD0104','Ayesha Mohammad','6175229965',4,8,146.91000000000000724,19.079999999999998294,165.99000000000001975,'delivered',1764701100000,1764702600000,1764703800000,1765065329069,NULL);
INSERT INTO orders VALUES('FD0201','William Dean','7816662416',5,9,52.900000000000000355,1.9599999999999999644,54.859999999999997655,'delivered',1764620820000,1764621720000,1764621480000,1765065491558,NULL);
INSERT INTO orders VALUES('FD0202','Sean Oxford','6178325554',3,10,369.6600000000000108,100.03999999999999559,469.70000000000000639,'delivered',1764606720000,1764615420000,1764628200000,1765065896591,NULL);
INSERT INTO orders VALUES('FD0108','Rachel Meyer','8572731010',13,11,118.94999999999999928,9.9499999999999992894,128.90000000000001456,'delivered',1764704820000,1764706920000,1765236180000,1765236338511,NULL);
INSERT INTO orders VALUES('FD0043','Fu Wang','6173577772',1,12,203.83000000000000007,22.0,225.83000000000001961,'delivered',1764705720000,1764709920000,NULL,1765236824800,NULL);
INSERT INTO orders VALUES('FD0044','Cliff Hans','8572569863',NULL,13,71.920000000000001705,3.8900000000000002131,75.81000000000000405,'pending',1764706380000,1764708180000,NULL,1765071034296,NULL);
INSERT INTO orders VALUES('FD0208','Graham Walter','7814910166',NULL,14,213.81999999999998784,34.719999999999999751,248.53999999999998316,'pending',1764708840000,1764710640000,NULL,1765071303983,NULL);
INSERT INTO orders VALUES('FD0209','Lisa Manters','6174135588',NULL,15,74.879999999999995452,3.7400000000000002131,78.620000000000000994,'pending',1764709680000,1764711480000,NULL,1765071477933,NULL);
INSERT INTO orders VALUES('FD0109','Aram Shankar','8572892774',NULL,6,155.91999999999998749,30.379999999999998117,186.30000000000002557,'pending',1764711480000,1764713280000,NULL,1765071667946,NULL);
INSERT INTO orders VALUES('FD0045','Brian Anderson','3396880896',NULL,3,199.84999999999999431,21.629999999999998117,221.47999999999998799,'pending',1764713400000,1764715200000,NULL,1765071821017,NULL);
INSERT INTO orders VALUES('FD1729','Graham Walter','7814910166',NULL,14,61.959999999999997299,4.1200000000000001065,66.079999999999996518,'pending',1765236599984,1765238699984,NULL,1765236599984,NULL);
INSERT INTO order_items VALUES('FD6956',1,3,17.969999999999998863,5.9900000000000002131);
INSERT INTO order_items VALUES('FD6956',2,2,21.979999999999999538,10.989999999999999857);
INSERT INTO order_items VALUES('FD0001',4,3,26.970000000000000639,8.9900000000000002131);
INSERT INTO order_items VALUES('FD0002',1,10,59.900000000000002131,5.9900000000000002131);
INSERT INTO order_items VALUES('FD0003',4,1,8.9900000000000002131,8.9900000000000002131);
INSERT INTO order_items VALUES('FD0003',1,1,5.9900000000000002131,5.9900000000000002131);
INSERT INTO order_items VALUES('FD0003',5,2,13.980000000000001314,6.9900000000000002131);
INSERT INTO order_items VALUES('FD0004',4,10,89.900000000000002131,8.9900000000000002131);
INSERT INTO order_items VALUES('FD0004',5,10,69.900000000000002131,6.9900000000000002131);
INSERT INTO order_items VALUES('FD0004',3,10,239.90000000000000213,23.990000000000000213);
INSERT INTO order_items VALUES('FD0005',2,3,32.969999999999997086,10.989999999999999857);
INSERT INTO order_items VALUES('FD0005',1,3,17.969999999999998863,5.9900000000000002131);
INSERT INTO order_items VALUES('FD0101',9,2,43.979999999999996873,21.989999999999998436);
INSERT INTO order_items VALUES('FD0102',8,2,35.979999999999998649,17.989999999999999324);
INSERT INTO order_items VALUES('FD0103',9,1,21.989999999999998436,21.989999999999998436);
INSERT INTO order_items VALUES('FD0103',7,2,49.97999999999999332,24.98999999999999666);
INSERT INTO order_items VALUES('FD0103',10,1,15.990000000000000213,15.990000000000000213);
INSERT INTO order_items VALUES('FD0104',6,5,64.950000000000001065,12.989999999999999324);
INSERT INTO order_items VALUES('FD0104',7,2,49.97999999999999332,24.98999999999999666);
INSERT INTO order_items VALUES('FD0104',10,2,31.979999999999999538,15.990000000000000213);
INSERT INTO order_items VALUES('FD0201',13,7,34.929999999999998827,4.9900000000000002131);
INSERT INTO order_items VALUES('FD0201',12,3,17.969999999999998863,5.9900000000000002131);
INSERT INTO order_items VALUES('FD0202',11,10,99.900000000000002131,9.9900000000000002131);
INSERT INTO order_items VALUES('FD0202',12,5,29.950000000000001065,5.9900000000000002131);
INSERT INTO order_items VALUES('FD0202',14,12,155.87999999999999189,12.989999999999999324);
INSERT INTO order_items VALUES('FD0202',15,7,83.930000000000006821,11.990000000000000568);
INSERT INTO order_items VALUES('FD0108',7,3,74.969999999999998863,24.98999999999999666);
INSERT INTO order_items VALUES('FD0108',9,2,43.979999999999996873,21.989999999999998436);
INSERT INTO order_items VALUES('FD0043',3,5,119.95000000000000106,23.990000000000000213);
INSERT INTO order_items VALUES('FD0043',5,12,83.879999999999999005,6.9900000000000002131);
INSERT INTO order_items VALUES('FD0044',4,8,71.920000000000001705,8.9900000000000002131);
INSERT INTO order_items VALUES('FD0208',14,10,129.90000000000001634,12.989999999999999324);
INSERT INTO order_items VALUES('FD0208',15,6,71.939999999999999502,11.990000000000000568);
INSERT INTO order_items VALUES('FD0208',12,2,11.979999999999999538,5.9900000000000002131);
INSERT INTO order_items VALUES('FD0209',13,5,24.950000000000001065,4.9900000000000002131);
INSERT INTO order_items VALUES('FD0209',12,5,29.950000000000001065,5.9900000000000002131);
INSERT INTO order_items VALUES('FD0209',11,2,19.980000000000000426,9.9900000000000002131);
INSERT INTO order_items VALUES('FD0109',6,2,25.979999999999998649,12.989999999999999324);
INSERT INTO order_items VALUES('FD0109',8,2,35.979999999999998649,17.989999999999999324);
INSERT INTO order_items VALUES('FD0109',7,2,49.97999999999999332,24.98999999999999666);
INSERT INTO order_items VALUES('FD0109',9,2,43.979999999999996873,21.989999999999998436);
INSERT INTO order_items VALUES('FD0045',4,5,44.950000000000001065,8.9900000000000002131);
INSERT INTO order_items VALUES('FD0045',3,5,119.95000000000000106,23.990000000000000213);
INSERT INTO order_items VALUES('FD0045',5,5,34.950000000000001065,6.9900000000000002131);
INSERT INTO order_items VALUES('FD7973',1,4,23.959999999999999076,5.9900000000000002131);
INSERT INTO order_items VALUES('FD7973',2,2,21.979999999999999538,10.989999999999999857);
INSERT INTO order_items VALUES('FD0959',1,2,11.979999999999999538,5.9900000000000002131);
INSERT INTO order_items VALUES('FD3621',1,2,11.979999999999999538,5.9900000000000002131);
INSERT INTO order_items VALUES('FD1729',4,2,17.980000000000000426,8.9900000000000002131);
INSERT INTO order_items VALUES('FD1729',9,2,43.979999999999996873,21.989999999999998436);
